Elapsed time,Performance Testing - User Creation API
20:06:27.0,95.60493827160494
20:07:14.500,62.5
20:07:15.0,13.73076923076923
